hung17598@gmail.com,17598Hung!,gk8s344erjdjxkyoedqk13qhca
hung170598@gmail.com,17598Hung!,xiinhg3ua385brsjhrammcs8to
user-1@testmail.com,testpass123!,j7o8fgw5cjbifxz9j6qxjjhu3e
user-0@testmail.com,testpass123!,jrnhihpjb3fntji9amd51ryxah
user-2@testmail.com,testpass123!,ttg1fqepbbyujfzqbrqdsf3uro
user-3@testmail.com,testpass123!,qmw8xpu9sfnjxbz4x64tgndbie
user-4@testmail.com,testpass123!,yo3uqxeayfyfpcr36dwrsa1t7w
user-5@testmail.com,testpass123!,if85ypad9tyyfk35p3hp3kfado
user-6@testmail.com,testpass123!,73r9ycpgrjbbxjno9wuond36ma
user-7@testmail.com,testpass123!,51r7txyfq784pknzjuuqyfa6bh
user-8@testmail.com,testpass123!,cnhhomw55jdjpy1zi9o97q4cqc
user-9@testmail.com,testpass123!,rwz4tko3jtr43rb94iexgstqro
user-10@testmail.com,testpass123!,uo8ousuqo3go7cpffrckk76kuo
user-11@testmail.com,testpass123!,4tx4pbgc1by85yf577fpd71c1y
user-12@testmail.com,testpass123!,rd1ssfoio3fkpdumizpa85r4sc
user-13@testmail.com,testpass123!,qent1tb65jrxixidx3g5ubw59y
user-14@testmail.com,testpass123!,pyo7ywhjef815rn1m8t7k7quta
user-15@testmail.com,testpass123!,3esgpkrxfbnatehet3zm3gru1e
user-16@testmail.com,testpass123!,kywm37mjuf8g7cz666mkxgyzfy
user-17@testmail.com,testpass123!,3s6stcpzstf7ukwe11by143rte
user-18@testmail.com,testpass123!,91x3zph8ojntz817ntjgrqnetw
user-19@testmail.com,testpass123!,rfg6ryw64tg898c5dodxpwetga
user-20@testmail.com,testpass123!,cgyk8a99bbn19xg64qbznmxsfa
user-21@testmail.com,testpass123!,jq6qepcspjf9ub5zddhznzn35r
user-22@testmail.com,testpass123!,thcqwrkz83n9x8qmc4pdesgt3o
user-23@testmail.com,testpass123!,hnbnqafhajyq3bpyk9nctoqboc
user-26@testmail.com,testpass123!,67uihcauaincbcnm4exfxmebyc
user-28@testmail.com,testpass123!,qcfxtth7tprj3chptygtw8pjxh
user-25@testmail.com,testpass123!,161ztrp6f7doiyrdsq6cs3wiwy
user-24@testmail.com,testpass123!,wba3u18api8mpxna1ouk73jymh
user-30@testmail.com,testpass123!,mpit14hcbp8ktmseh399ucirgc
user-31@testmail.com,testpass123!,yzuenkxfujgszcga3rtq5rz8je
user-27@testmail.com,testpass123!,xbey8t7upj8m7pzmbcuw1uks8e
user-34@testmail.com,testpass123!,pmk5buszrf8mtkgy5os9754ado
user-33@testmail.com,testpass123!,sn1zmg9w4bg77gj4zrutf6iwjy
user-29@testmail.com,testpass123!,6jzut3ets38xucqz7usxacmi8w
user-35@testmail.com,testpass123!,dp78pxu97tb4jx7zikmzq3kcnh
user-36@testmail.com,testpass123!,douaq7k8hpfg7gpschqne7wrjw
user-37@testmail.com,testpass123!,cui3jefg5jyitqhdgxh3de9kac
user-32@testmail.com,testpass123!,kbjmnhjgbpdxdfkchzk614unfc
user-38@testmail.com,testpass123!,8qx1qnjqcpdy8rnzt4pwkbu7mr
user-39@testmail.com,testpass123!,cakcmdo7hi8g7cjqu85q8yx5qy
user-40@testmail.com,testpass123!,8kqcbbmn63gafkezxj1dw6tz3y
user-42@testmail.com,testpass123!,4mng3gunibfwbetbj31aetz6re
user-41@testmail.com,testpass123!,dkipp9ikp7nq9cx7o5uzf9zb4r
user-43@testmail.com,testpass123!,ma9jqbwejj8appbc55pqzya8ic
user-45@testmail.com,testpass123!,djrg1yktn3nb9muwc9g9pcpkwe
user-44@testmail.com,testpass123!,hzhkk9dsqiyhibtt4kf6oxrsdy
user-46@testmail.com,testpass123!,xpjkrxmonf8f5krq789e5omrry
user-47@testmail.com,testpass123!,s1xw1ipqgtgqmrw9di4oqiun1y
user-48@testmail.com,testpass123!,3mdrp46hoiye7fraddcc3stz5h
user-50@testmail.com,testpass123!,owtny7swqfn38kepz4x95ozwsw
user-49@testmail.com,testpass123!,6fxsskokbpfmmd14efejf5kb8c
user-51@testmail.com,testpass123!,cmoj5qg4jjyt8bdbn4s9yyp7yw
user-52@testmail.com,testpass123!,ubfoz4s44ifybdai1iy8dfu6pw
user-53@testmail.com,testpass123!,8zgy1zo84pdx5d6hfay3g7kknh
user-54@testmail.com,testpass123!,sk4xedhb5fdpmk8od9doipc1he
user-55@testmail.com,testpass123!,jg8my3h4wb85unc3njcbu53jte
user-57@testmail.com,testpass123!,3qre47xciidcxe6tx8ye9cfxjo
user-56@testmail.com,testpass123!,hatmyig63jbxigkb1cndtbqprc
user-58@testmail.com,testpass123!,rmwz6y8j9bg4dqi7jzqrgiz4hr
user-60@testmail.com,testpass123!,xwcgs49633btfmi14iic5suzhh
user-61@testmail.com,testpass123!,79j1hk9yb3b5b8ixft9nutjfzr
user-59@testmail.com,testpass123!,jwbw8knjf7gs7g6odqd5kx5c4c
user-62@testmail.com,testpass123!,phppefgic38obgfjwh3363sa3c
user-63@testmail.com,testpass123!,qa7jkuxyyif5meb4ouanshzmka
user-64@testmail.com,testpass123!,h1wg3qwxg78gjdqfmwcswtftmy
user-65@testmail.com,testpass123!,gi79ni7ki3y9xr54xsyeqwh5hc
user-66@testmail.com,testpass123!,rabyg69axpftxp5ntsepwjacnw
user-67@testmail.com,testpass123!,x5sjtpcj77nbbbr67fu161zxww
user-68@testmail.com,testpass123!,ptbh5cudrb8ijbmyjpof91iy5y
user-69@testmail.com,testpass123!,htcrnt4wpfg55xnaqirdiqxbsa
user-70@testmail.com,testpass123!,93zs319scpd5mxcjeq81bwhfya
user-71@testmail.com,testpass123!,6qkrzuw5ebyetd1hqnwpbpojfo
user-72@testmail.com,testpass123!,axktzwbntpbgzbg7kezs6ihdcw
user-73@testmail.com,testpass123!,nd7b5cbrjiduxr7a3r5rkz4kxy
user-74@testmail.com,testpass123!,w8yrdmduy3dfpfhyene8ydfnka
user-75@testmail.com,testpass123!,1pfs3u6br7rubr8g8icq7b5sse
user-76@testmail.com,testpass123!,brce4nzfnifstbgmg598xyizjw
user-77@testmail.com,testpass123!,mkrha7psbpdjug5kqmyhnfhw5r
user-78@testmail.com,testpass123!,nsec1wycoiy9ix5x1czqyn5qry
user-79@testmail.com,testpass123!,c3pf39begifame83yu9kdqrj5e
user-80@testmail.com,testpass123!,wb373i19p3dbjbwi7qnyq3on7e
user-82@testmail.com,testpass123!,x6dk7izgcff49krxf1kmhga5kh
user-81@testmail.com,testpass123!,fgt4ejycbbbj9p1ub6w68q7fso
user-83@testmail.com,testpass123!,uphdgn3w7ty6xnscw4ntgkkwwr
user-84@testmail.com,testpass123!,bz9jbgoxq7fe8gwif9za8cxy7c
user-85@testmail.com,testpass123!,4o8oc6kstpnhufpx87b3sb4inr
user-86@testmail.com,testpass123!,8thmdprrrtrqug7ghkr75xb18w
user-87@testmail.com,testpass123!,fqcogjbog3yqpbkbc3oe7ruzur
user-88@testmail.com,testpass123!,xg41h5zz5jbct8e3r51nemafih
user-89@testmail.com,testpass123!,hc31n8zsntgyzm94ziein956ih
user-90@testmail.com,testpass123!,uixx613b4igcigzg3qftb8zqah
user-91@testmail.com,testpass123!,k4xcftkn7inbfp8wapqj1n571h
user-92@testmail.com,testpass123!,fcmqahsymtyopf9w1g41359ojw
user-94@testmail.com,testpass123!,q9xa75ah7t8yfxyusu85xxebyo
user-93@testmail.com,testpass123!,7a461axbh7nm5noy53pihzkm5r
user-95@testmail.com,testpass123!,83bgfbf7h3fh3n9wny1iodqyky
user-96@testmail.com,testpass123!,3pymsdu44jfu5fumjmcpsz4bga
user-97@testmail.com,testpass123!,4fcrxatajp875kt6ahws816p9r
user-98@testmail.com,testpass123!,hgc1gf87t7dtjb9csshuz9y4ee
user-99@testmail.com,testpass123!,wwqw9je1w3by7epyu9bd7z8fhc
user-100@testmail.com,testpass123!,oimwqpfh1ifb3mfcsmya6y4kqr
user-101@testmail.com,testpass123!,g53x1bq8cibn5pqh4qzzdethmc
user-102@testmail.com,testpass123!,etfxccbwfp8jup1747h7t1znwr
user-105@testmail.com,testpass123!,frmtn7gu6bfsurc5unbd6c8wfr
user-103@testmail.com,testpass123!,ukir5nx36tdzfyfbtepxh7febo
user-106@testmail.com,testpass123!,y4ob91bbz3y9bdacyb7upkj9tr
user-104@testmail.com,testpass123!,5ofqnemc6b8mbra7syypsm58ow
user-107@testmail.com,testpass123!,9rcqufhfrtdome6zkrcc7z8rgy
user-108@testmail.com,testpass123!,p8edt9m9xpgwmd8qt9ay1ksajh
user-110@testmail.com,testpass123!,t77ka5wy6pgc7gkkbjebtq1ggr
user-109@testmail.com,testpass123!,3yiemtwhmt8g7k4orasqjdh9so
user-111@testmail.com,testpass123!,zxe1sw8oo7rjtxe5nq1b3aom9a
user-113@testmail.com,testpass123!,wag71o1txpbxfx7y6ru565r5ny
user-112@testmail.com,testpass123!,yatcereqnbbjzew8fc43c7d51a
user-115@testmail.com,testpass123!,xz3ec9teufdaij61e5tedzchby
user-114@testmail.com,testpass123!,s5mgufd8tpg7dycd5fbjtxun3h
user-117@testmail.com,testpass123!,t6qcbrkagpb1myn38r3podkyoo
user-116@testmail.com,testpass123!,4bkq7q4yx7gwzrrn6pezr4puse
user-118@testmail.com,testpass123!,ttx37mnecpyddfjx1y4zyffzkc
user-119@testmail.com,testpass123!,1s6qi3ei83d9ikhpqahc6bs9ya
user-121@testmail.com,testpass123!,e5yhsctduty18qggnx7hxnfx1y
user-120@testmail.com,testpass123!,fp44y88uufg8dy7h4acopsrgty
user-122@testmail.com,testpass123!,dagdzwamffnzfcr4pwjqbz878y
user-123@testmail.com,testpass123!,mfddn73egbyi3r174aid8zpehy
user-124@testmail.com,testpass123!,eqg11jr6oirbmmxpy1gynfzafy
user-125@testmail.com,testpass123!,btobkhredpneidzs6f3mwd6f9e
user-126@testmail.com,testpass123!,hbcxh1tbbjbr3d1ky5zxeapufc
user-127@testmail.com,testpass123!,d411bsxgf3gfzcaugcb5jhe6er
user-128@testmail.com,testpass123!,i8ye8sfrsjr9tpxbxzay8usotw
user-129@testmail.com,testpass123!,icow9mhbu7dz5e4xim9irgzs6h
user-130@testmail.com,testpass123!,isapsiihq7bmiqh3n88dn8fyic
user-131@testmail.com,testpass123!,ngfftmgwg3np3gcnjukxz5pxjr
user-132@testmail.com,testpass123!,kcu4aqta37dh5jgo1im8g773he
user-134@testmail.com,testpass123!,ud1ozrkhpfnn8xji9eb9zybnye
user-135@testmail.com,testpass123!,3qnk4hutytfg3q19my7m78zboe
user-136@testmail.com,testpass123!,ibbfkrxowp8tpj3kabbuept8zr
user-137@testmail.com,testpass123!,4z5wtortipyndd5fbmc7x5xdcw
user-138@testmail.com,testpass123!,y9iqrtryrbnntxqzszw5y8bmje
user-133@testmail.com,testpass123!,n4f7ftgf4iynjc1938rodh175r
user-140@testmail.com,testpass123!,ow73u4owufdymbs8tsduekno3c
user-141@testmail.com,testpass123!,esjramanqj8gzkhrbhpo38iuuh
user-139@testmail.com,testpass123!,dkw9rrsfnfdsfgk5fxr7kxqybo
user-142@testmail.com,testpass123!,n3ct81miq7dndxsnh4qqxkwphh
user-143@testmail.com,testpass123!,cz8kefagf3fxuejfgh1jw9pa6r
user-145@testmail.com,testpass123!,f837sehmr78fdjrnybwtimosgw
user-144@testmail.com,testpass123!,b9baekr65pb6id3ajeohipijtw
user-146@testmail.com,testpass123!,ikp9inft67rdmbrspsypjqs9ie
user-147@testmail.com,testpass123!,c3cmbxxco3838mggf6s4pxez6a
user-148@testmail.com,testpass123!,rbbucaw3s7fa7mqhe5zhzaqtja
user-149@testmail.com,testpass123!,f17ox7w81if53jtjocz9aygqbc
user-150@testmail.com,testpass123!,8h55xq7z37rkbdptrrs86yo3ce
user-151@testmail.com,testpass123!,qrc3syhzcfdmxmqdfk4aktbjjo
user-152@testmail.com,testpass123!,sjdzxnbwi7dx9ktmqx1hsihu9h
user-153@testmail.com,testpass123!,rgiubokx37gtprxmpcrapuadjh
user-154@testmail.com,testpass123!,g59n9iderfbepeigijx1bmoxgw
user-155@testmail.com,testpass123!,ghgw961debrn3n587eby6tjc6e
user-156@testmail.com,testpass123!,bcb33jhqnbdufr4346cxsi13aa
user-158@testmail.com,testpass123!,gss1re4tpbfdigtzxotisztp8a
user-159@testmail.com,testpass123!,nkpc6mm7ubr6pjwigbtubyc94a
user-161@testmail.com,testpass123!,6bbnrgj8ebnibr576ha14hstec
user-160@testmail.com,testpass123!,w3pcid3o1jyzje3d4c6u8k84tc
user-162@testmail.com,testpass123!,6npt65oiqtn8xysbxi5ixmoidw
user-163@testmail.com,testpass123!,uhy9z9mypifafc9ci9hpx1adca
user-164@testmail.com,testpass123!,3maipoio5jfkdfjh1ubuh138be
user-157@testmail.com,testpass123!,ufq8gf7yrtb6mr66dbp1j6psoy
user-165@testmail.com,testpass123!,z9ujyyik5bramep78w6s9qtu9o
user-166@testmail.com,testpass123!,4hixys1odjgk5ynkscckfpgsqc
user-168@testmail.com,testpass123!,5bkgtyuq73n6fjbzj5ai8jfqwa
user-167@testmail.com,testpass123!,f6mpk4sn6ibjbp3bk6dackktsc
user-169@testmail.com,testpass123!,yc6dihar8ib8mfed6m58qzpruy
user-170@testmail.com,testpass123!,wbjfq7q1a7yttyqp68utk6b6ir
user-171@testmail.com,testpass123!,pa5q18kp77gd8bwiitdfsisqma
user-172@testmail.com,testpass123!,1kbk5jj8j78pux1jk9mi7hscuy
user-173@testmail.com,testpass123!,pm4eyk3onirtfn9jwuy6w1wqgh
user-175@testmail.com,testpass123!,pdtad11r3bdrdpyaws4eojgm8e
user-176@testmail.com,testpass123!,4rntcqame7gajbi8tqb6cxufky
user-174@testmail.com,testpass123!,6qj5phjz4tg5jr7yzqrzeihy5w
user-177@testmail.com,testpass123!,m6fnifareidm3psjbe1durtdyc
user-179@testmail.com,testpass123!,7sstusk8gtdtbf6ewrzfs35egw
user-178@testmail.com,testpass123!,f475kg1n7bybupph5c8qb4jgxe
user-180@testmail.com,testpass123!,5o57k9m6mtfnzm61ur4rm79u8h
user-181@testmail.com,testpass123!,b5cj8ij7oin9tbeu9qz9q3mugw
user-182@testmail.com,testpass123!,437sf4ie77br9r6kwsqpckqubc
user-184@testmail.com,testpass123!,oq49w9rp33nddmzy6w5seux1ch
user-183@testmail.com,testpass123!,fdkn87zmn7b6xmge8mpwbwxwir
user-185@testmail.com,testpass123!,6yumf6y48bn5mg9unrnf8psbuw
user-186@testmail.com,testpass123!,zpxijyosdtfy8rf411jmuqpqsc
user-187@testmail.com,testpass123!,51jw9qi53fncurhtoaenk76y5o
user-188@testmail.com,testpass123!,7uqiw9mzg7fefrtbp93gzungbw
user-189@testmail.com,testpass123!,7r19fwwpi3fw9m7iikqqai8pfy
user-190@testmail.com,testpass123!,jm149i4nfpd5dgzqub6mhhg5rh
user-191@testmail.com,testpass123!,o78yjqwrnir7fnh3mywn8q49zy
user-192@testmail.com,testpass123!,9ma5bupde7gm9yegjzcxqfkchy
user-193@testmail.com,testpass123!,knoizx6nwbn3jyg8urdaidjmko
user-194@testmail.com,testpass123!,k4ff73ji9j8rmytqxfprahoc7w
user-195@testmail.com,testpass123!,dmd5tmzdep8utqmfg7ccdqrqtc
user-196@testmail.com,testpass123!,qd4jr54hoffyi8tezsfh5m1x4o
user-197@testmail.com,testpass123!,fnyxf5sok3f37nddzm8n8azxkr
user-198@testmail.com,testpass123!,j1oqqso1cjyomfokzoxpoak1kw
user-199@testmail.com,testpass123!,5ak6jeugdp8qmm3y64kh71rfxh
user-200@testmail.com,testpass123!,5cdafqx633yypg5mm8du9q8mmh
user-201@testmail.com,testpass123!,d51s9a637bfb7xea5acgwt875c
user-202@testmail.com,testpass123!,jj8bk8ntu7bwir8ko1ukm8fjtw
user-203@testmail.com,testpass123!,w4ruw91i6prdpg8wjywaxsw9yw
user-204@testmail.com,testpass123!,xzeeju795fn9trjci17y45o9rc
user-205@testmail.com,testpass123!,gnu9usd5i3dr8khesaejn8gfuy
user-206@testmail.com,testpass123!,ycdqj14enib35fsnua9gscgpbc
user-207@testmail.com,testpass123!,ay1jo56sqi88jgxw4azxdngaca
user-208@testmail.com,testpass123!,kw39b7hyabgcdgi87oxeyqw81r
user-209@testmail.com,testpass123!,8qymnuyek3dspcp8gbaeappg9y
user-212@testmail.com,testpass123!,y48hkdpfsfbj9e8hffgk514aow
user-210@testmail.com,testpass123!,7cghbmmfabfypexpf3ee7runpa
user-211@testmail.com,testpass123!,em9g4iwbapyofxqjspjmxjypmw
user-214@testmail.com,testpass123!,k737ncqsmfr3txbj3mp49g5eih
user-217@testmail.com,testpass123!,g65e55ym43r35moo9i49chtucy
user-216@testmail.com,testpass123!,c1z6wqjdk38nxbub6j6pazeo7a
user-215@testmail.com,testpass123!,53fn6zcb7briif44wqzbfppeqr
user-213@testmail.com,testpass123!,jm5847toqibuzr73kco54a78xy
user-219@testmail.com,testpass123!,ddkqe5o8xiy97k9579p5mmwdhh
user-218@testmail.com,testpass123!,xzgb8txpx7gpt86td8cjcmpyko
user-220@testmail.com,testpass123!,ouzz5xafjirmb8rk1a57wzxb4e
user-222@testmail.com,testpass123!,9pwc4pgtg3rctm94pfjfdhuu7c
user-221@testmail.com,testpass123!,toq1n1zdm7fpxkusmqkdxnda9w
user-223@testmail.com,testpass123!,6u77oc5qnifk9gqbpdqzdgfmce
user-224@testmail.com,testpass123!,gwgqpyu1dfbtb8k3fdocdsbf3a
user-225@testmail.com,testpass123!,xbqkfmnjqifw7n6t6oj41uwxjw
user-227@testmail.com,testpass123!,sfim1te9rjgdfy8y5r9mrwizww
user-228@testmail.com,testpass123!,r5hf5peoy7btpj9y8j5pdhxqzo
user-226@testmail.com,testpass123!,yc8u6e6ai3ru9ccdha8exeofur
user-230@testmail.com,testpass123!,spn3tdpzetn9mgk46q8ha7skkw
user-229@testmail.com,testpass123!,dyem4ttkq3nrmn7zk8rabwjacr
user-231@testmail.com,testpass123!,j73knq5wsbn38y3467u78niduh
user-233@testmail.com,testpass123!,4a496qmhwbbgtqtxd8snpg14rh
user-234@testmail.com,testpass123!,hnjagbcwyjbf3e5f9ubdg14abr
user-236@testmail.com,testpass123!,amnprc1z4bgezymwfd5xso68ya
user-232@testmail.com,testpass123!,9fznf4jkjfbu5dhnmtasjgp55a
user-237@testmail.com,testpass123!,ghuwcjmqbpf67njr3irsmujgaw
user-235@testmail.com,testpass123!,wh4tugxnhbdtfe86ax5tkhy7ne
user-238@testmail.com,testpass123!,sicnr36g7pdkfeqpagechgdfbc
user-239@testmail.com,testpass123!,86jajq9qp3nhp85376c4ej5wsy
user-242@testmail.com,testpass123!,45wfqap6jiy9meorenf3fwbfpa
user-241@testmail.com,testpass123!,3w7y791nx7n5fmubhismma8wye
user-244@testmail.com,testpass123!,cn5i6dmhhirkjea8zj4okrkxcy
user-240@testmail.com,testpass123!,sjicbr6kmjrotqpefehdcq6x9y
user-245@testmail.com,testpass123!,76xmu71tob85fxxsdqspya6hgh
user-243@testmail.com,testpass123!,qbrenq36np8f8ny9i5bi73ieuc
user-248@testmail.com,testpass123!,og7rwabjuinhzdhhp7f3t1qzwr
user-247@testmail.com,testpass123!,7wrxqjisx7fri8fz736yawrerh
user-246@testmail.com,testpass123!,yiahihak5tgatgfwb3t4s6j11r
user-250@testmail.com,testpass123!,896s8dfcqpd9u8aghi45dxdfpa
user-249@testmail.com,testpass123!,jdmkwqa6ridrddxg5pfyuusbfy
user-253@testmail.com,testpass123!,c1wdse8hwjbgdb7tdadq7fzhme
user-251@testmail.com,testpass123!,yym7gtm8pb8g7dwyrbzecbxyhy
user-252@testmail.com,testpass123!,ekocswgfqfr68ea4qcxh9jho1w
user-257@testmail.com,testpass123!,js8tsix6bjyffe4x7g978rx3gw
user-258@testmail.com,testpass123!,xc914m1b1tg9tefyas6zmhpmoo
user-256@testmail.com,testpass123!,z1tfe7x8niyxpppuioe3h8f4ac
user-254@testmail.com,testpass123!,ku9kwfq83trdbk7g5uib67x79c
user-259@testmail.com,testpass123!,sqahh8eubiybdqe6up74rmc97r
user-255@testmail.com,testpass123!,rqsfxeert7fqicbzyjgcsio9nr
user-260@testmail.com,testpass123!,guw9trfkbjbm9quqs5qc3jx5qr
user-261@testmail.com,testpass123!,9soc98ug17gctdupyoqts891jh
user-262@testmail.com,testpass123!,xtcom95p67fr8dxont4swfmcse
user-263@testmail.com,testpass123!,utahwxa43pbqtcfz8jkxn1exic
user-264@testmail.com,testpass123!,54nscsyhkfdrtnsifzd5smnmhr
user-265@testmail.com,testpass123!,wc9xpghpmpniuqhwm15htbwo3h
user-268@testmail.com,testpass123!,8e8yen43qibh5j9b9gk36s7jpc
user-267@testmail.com,testpass123!,qhf5nyip3pbodgpyt7m4fnw6ww
user-269@testmail.com,testpass123!,tw651iej4pbe7jyka13wkk3uxc
user-266@testmail.com,testpass123!,ijqt8c3zpjd1mkuiw7faxyt83o
user-270@testmail.com,testpass123!,ppqkgqd99iyn8pgherc7yjus3e
user-274@testmail.com,testpass123!,mz3bsyzi4jyojc7ktdtkitwnwc
user-271@testmail.com,testpass123!,di8rttw79bfw38h1berkei1iye
user-272@testmail.com,testpass123!,n3ee59wdi3yfi8pixc3x9r791r
user-275@testmail.com,testpass123!,tgmhiutjd7nh8g59zj37j9succ
user-273@testmail.com,testpass123!,1mu8tdr3sjd1jro54x5cn8e9xh
user-276@testmail.com,testpass123!,wszu8acnzjdk9d5yiestm96ozy
user-278@testmail.com,testpass123!,xk4zyz8ybfb1uyxyhu64mnamsr
user-279@testmail.com,testpass123!,88n4qsqut7b4fxh8eum6mk3zna
user-277@testmail.com,testpass123!,fnpbbb6s6i8eucbnxeg4i1ua9a
user-283@testmail.com,testpass123!,z4a897799if3mx4xzgfggy1cmy
user-284@testmail.com,testpass123!,3iazso5e6iro9j891s53z379ke
user-282@testmail.com,testpass123!,nguucy97dignjrhbtweay3qtgc
user-281@testmail.com,testpass123!,iwaicoffdpncpmrkc8k38mq5eh
user-280@testmail.com,testpass123!,5ozw4k1jrpf15855ni49rwfgph
user-288@testmail.com,testpass123!,9m8r7ngwhbdbxyq1x19wa64tua
user-285@testmail.com,testpass123!,sxp1hqgmp3fj7qj6m3zsux34sw
user-286@testmail.com,testpass123!,zw95fdjw838ezcenmif7ar33fh
user-290@testmail.com,testpass123!,ok5awesnkjrcp8xa4ngq55i6wc
user-287@testmail.com,testpass123!,tteo16hsapn8zgmqzryi6tcysr
user-289@testmail.com,testpass123!,agjqdoqdkbrhzq3xmyrcfa4sta
user-292@testmail.com,testpass123!,punsyyb3ubrtiyrouy8xi79srh
user-295@testmail.com,testpass123!,k5brs5bwe78zpfggib1mzq1o3a
user-291@testmail.com,testpass123!,bwcswdfoxpn4pfzimxan8y3r7e
user-293@testmail.com,testpass123!,yb3myqj5dpgsmnx69p7y66cbhe
user-294@testmail.com,testpass123!,9k9118k1dfbc8bmqkapagc53so
user-296@testmail.com,testpass123!,yfop8e7fm7ym7gi5s9tyyt6jyw
user-297@testmail.com,testpass123!,acyaz7nbbtyejjeci9scb6iofy
user-298@testmail.com,testpass123!,cdyurgmh9pdcucyfy5nysmhgec
user-299@testmail.com,testpass123!,69y5w8a99pdk8bm3hstw4msm3r
user-301@testmail.com,testpass123!,7548qykh1brktjytiif9qraaea
user-300@testmail.com,testpass123!,ocmi5ye3cj8f8j83ocz8if4rja
user-303@testmail.com,testpass123!,h9adrm3wwbnnm8redqc5e835sr
user-302@testmail.com,testpass123!,6jydifngcbrfbmeaktuzrkxgca
user-304@testmail.com,testpass123!,3w5eeg9qcbngpx1ykuck4ripee
user-306@testmail.com,testpass123!,3x8wfimhdjyrdkh65j8sb4smer
user-307@testmail.com,testpass123!,mxhoztumbtr73cpowsckk3mg4h
user-309@testmail.com,testpass123!,pkwei8gt8ffqm84ijhkqfjqbqy
user-305@testmail.com,testpass123!,89o1t8sqs7bafkejm466bbseow
user-308@testmail.com,testpass123!,ijikehe173nh8j9xjgq1ipnbde
user-310@testmail.com,testpass123!,e5xgen94n7f7mjrts1kd9cbcuw
user-311@testmail.com,testpass123!,wj7cqzie87ytfy7fhr119op78r
user-315@testmail.com,testpass123!,m1odms7hqf8i3k5qp6exomwioo
user-312@testmail.com,testpass123!,z3s81yuy4idbufe35j1ke9s9co
user-314@testmail.com,testpass123!,7pibqkfha7bs7ew7rzthqjm5gw
user-316@testmail.com,testpass123!,s4bunneuzbn3xkrs9jkat7xq3o
user-313@testmail.com,testpass123!,t6s8yfchfb88trq68azzrcqdsh
user-317@testmail.com,testpass123!,7fxcrxjt17yzbf3gwgahmoo3iy
user-319@testmail.com,testpass123!,m6rxi9q5m3yxu87norwn5179my
user-318@testmail.com,testpass123!,oezkp6o7p38c3k4on8bube3c8r
user-324@testmail.com,testpass123!,wu7qu1e9fpbzuq39jmhcmhtwme
user-322@testmail.com,testpass123!,97pukpj517dzjjzqnx6a1nu1ph
user-321@testmail.com,testpass123!,ykt4qx6mh7dh9pyer4ayeuuecc
user-323@testmail.com,testpass123!,gmcogdmwdp883maiy8jj96gdfr
user-328@testmail.com,testpass123!,gdkot5joj3d9ictizutqokfm6w
user-326@testmail.com,testpass123!,td83kayzftrf8bpc4yjsi73ntr
user-325@testmail.com,testpass123!,yj9rsdtwg78j5ryetefo53a3ta
user-320@testmail.com,testpass123!,bjwnw78ii3yrbmzis65xipn7rc
user-327@testmail.com,testpass123!,kgxq868j4inhjgu991d7xhg71a
user-330@testmail.com,testpass123!,nbihu944dp8o7f84uj75k9oh3y
user-329@testmail.com,testpass123!,bbcuhu7rgirq9rz4a7kr4a4xgr
user-332@testmail.com,testpass123!,qnxbarzbxibw3g8df5cgi5jm7w
user-333@testmail.com,testpass123!,oqyoqawczpfmm8anfjtir931tr
user-331@testmail.com,testpass123!,rhkqqbfckbn8fqyysnq8njjiqe
user-334@testmail.com,testpass123!,zk54foe5ibrpfj5hpu8yhyfcuo
user-336@testmail.com,testpass123!,ime64hek7bbcjrt6kft7qfqush
user-335@testmail.com,testpass123!,c7wkfsuizpfqtgdtp879ai59ph
user-338@testmail.com,testpass123!,fjkjn33refnwmkai6ktuuxrqze
user-337@testmail.com,testpass123!,ppchpit3bbnfbxz1ug8odmrner
user-339@testmail.com,testpass123!,ib6annjobprx3rgf6smup41fpw
user-340@testmail.com,testpass123!,y1ypty1ff7y3xqhrfefqwsm1yh
user-341@testmail.com,testpass123!,o9rqbeuyfpbm3bf7k8z1x4myio
user-343@testmail.com,testpass123!,3sgmgqr1q7ru3nkkmwtqreedxy
user-349@testmail.com,testpass123!,ji8ydt9dw3gn8pqiz7bedy146a
user-347@testmail.com,testpass123!,xu7zeidp8ff8fcho545b714deh
user-345@testmail.com,testpass123!,ibqzuxna7ir3zbngmdmcb1gura
user-344@testmail.com,testpass123!,9aaxjkwutjdyfejpqnr1un5g6o
user-346@testmail.com,testpass123!,ju1jnn5wfpfimp1xm9o98336rw
user-350@testmail.com,testpass123!,aco4int3ttr6ff6mgq7fppe39h
user-348@testmail.com,testpass123!,cz4qczd3zp88787off799kgnrr
user-352@testmail.com,testpass123!,bh8yq91b3pnbmfqwzw4frttrtw
user-342@testmail.com,testpass123!,cincqh7tn3837xe7uyzih87w9c
user-356@testmail.com,testpass123!,epip9zsaety3zcocxrmrpc4rcw
user-355@testmail.com,testpass123!,gbwnaf68y3n6dxriqwzzszrg9y
user-361@testmail.com,testpass123!,fdbf43bxg7npuexj55huj98uyy
user-363@testmail.com,testpass123!,rqgu67zwep83xn8h8xftyi9rsy
user-351@testmail.com,testpass123!,gwjcwn3ggfnttpzyrdrarzrsue
user-353@testmail.com,testpass123!,rrouu3rrk78w3dpiykua577a5a
user-360@testmail.com,testpass123!,43wehu488f8hzc71c8ry83zk3c
user-354@testmail.com,testpass123!,e9ttq735si8mdc871gr5gw4ewh
user-365@testmail.com,testpass123!,ft4kag6nt3ga8p98ru47hk6hko
user-362@testmail.com,testpass123!,fwiz9ohaqjrz8dbge1csezj1uw
user-358@testmail.com,testpass123!,67dbxw4o6ignbp7oqa3xkfttfy
user-357@testmail.com,testpass123!,496txzj5s3ytpn6er8wmsrsb5o
user-359@testmail.com,testpass123!,w8ssmay3zjgam8s9ht78bxbz4c
user-364@testmail.com,testpass123!,jqr33zxt7tdrmks8y5333h8aoa
user-367@testmail.com,testpass123!,4f4jcqsgepf6byfkttrwaxr4be
user-366@testmail.com,testpass123!,8qabhs7uy3yubmk54tnbuy718w
user-368@testmail.com,testpass123!,qss9535dntr99frpiftyzezzxa
user-378@testmail.com,testpass123!,my3h7ogyoigpmf6moc6pihydzo
user-373@testmail.com,testpass123!,3ccafa5bqp8bjp5j4bypmtkijh
user-371@testmail.com,testpass123!,m7uskqqbmjgwbdy7m3qeffmz4y
user-377@testmail.com,testpass123!,e3ojtjnewtrebjmkwdykaxz6iy
user-369@testmail.com,testpass123!,85w89mge5bbs8y1phracwbdk5o
user-372@testmail.com,testpass123!,q5dff8pmabr3xgt5x78te6p55r
user-370@testmail.com,testpass123!,mz81zaq3jf8jfdoyyxgwma7hzc
user-375@testmail.com,testpass123!,zg7pysn8a3yf7rfibix8769fte
user-374@testmail.com,testpass123!,e8errd1n67dqzmjnx4qw4ggsyr
user-379@testmail.com,testpass123!,5iieuy6nyirhbedxa4z4pydykw
user-385@testmail.com,testpass123!,3c68z6tjy3gpxxtww3ptokw1be
user-380@testmail.com,testpass123!,sbgxccertjfrxfiixmjjs63tcc
user-384@testmail.com,testpass123!,wij7edmwopyh5c4sfrwmei574r
user-381@testmail.com,testpass123!,sefrcwtdhfbumetgieb871wfgw
user-376@testmail.com,testpass123!,fbujfb11bjbgzdna6z1sf67ttr
user-382@testmail.com,testpass123!,tqtd733nqtd8bfi7kshbi1i7jo
user-387@testmail.com,testpass123!,h61qjairsfn4uc5f8s39m6r4ca
user-383@testmail.com,testpass123!,osnmf6aztjyn8bd4k1f3mcpa6w
user-386@testmail.com,testpass123!,tcac58aobbf3mbyma13311p7pw
user-389@testmail.com,testpass123!,gazwpnbxmtytfry4gpkbfkpkno
user-388@testmail.com,testpass123!,3mfq4un71iyw9bpgb5pfdw1rgh
user-390@testmail.com,testpass123!,mtbage8qm7di5g6huqrmfhqfwr
user-392@testmail.com,testpass123!,kwe84simgf8e9fuw5kjj7u8atw
user-394@testmail.com,testpass123!,kafqb4qme7d1fn8zugtasnzf5h
user-391@testmail.com,testpass123!,4biaopsnpigai84t8s8dxxz6rc
user-395@testmail.com,testpass123!,tfkctaga1ff9fxsnt7zrpo43uh
user-396@testmail.com,testpass123!,fhn1rwxsypg5mm7kohtpo5ktyw
user-393@testmail.com,testpass123!,heicbph9qif3mr8wct6wjrddah
user-399@testmail.com,testpass123!,1pppijw5diyn8x6zzzwnqc5gfe
user-397@testmail.com,testpass123!,1ekbiokwutd3fp1hg7n6451n4r
user-398@testmail.com,testpass123!,dqfe8a4sgjysxc7t1n3pucnoih
user-402@testmail.com,testpass123!,q4d4n1qs6jybzcmmny994k3s4c
user-400@testmail.com,testpass123!,oc4jknkgbj8gt8znnhfgzhsxbh
user-401@testmail.com,testpass123!,zckp6fd1mjdgpxs1h1hhxeeygr
user-405@testmail.com,testpass123!,qd9dszsnk3dmtejn9ftnyenzxh
user-404@testmail.com,testpass123!,juamdn5zbpbh3mfqqucfwazo8w
user-403@testmail.com,testpass123!,5tjjyi6xii858gbkd6ehapinfw
user-406@testmail.com,testpass123!,mozkyma98jdatrypbjuce84gke
user-408@testmail.com,testpass123!,pfdx6ptwptfsfb4o9fm8pts3po
user-407@testmail.com,testpass123!,s3bnfu5ppb8n9pjuzqb1uek4nw
user-409@testmail.com,testpass123!,tnwys69z138g3rcgcwxk7eboka
user-414@testmail.com,testpass123!,i4gjzebup7dkpno8kqhzqoy6gc
user-410@testmail.com,testpass123!,r7e13zpy7pgu5qco43q6dd66oc
user-412@testmail.com,testpass123!,h8inb74973ywmbwnz3qq3w5e7r
user-417@testmail.com,testpass123!,ccgjxrof57rk8qpm9csetfhrka
user-411@testmail.com,testpass123!,m3akmz47mjygiqxo6r3rbksh3r
user-415@testmail.com,testpass123!,nb94wn9wcbfqukrrd18t74kynw
user-413@testmail.com,testpass123!,yg7kgm93ptg73x7iwbx86r3auc
user-416@testmail.com,testpass123!,qrj99m1qoigk9ktynthbkm5m7o
user-418@testmail.com,testpass123!,tihrcjicg3dope7w6gp6zt15wa
user-419@testmail.com,testpass123!,9u71etcmktgu5rzexyyiico9zo
user-420@testmail.com,testpass123!,nid8hu3m33rhtxeyzfbo9urgfr
user-421@testmail.com,testpass123!,dtsmx7tmnj85mx1bzemyu6gt5y
user-423@testmail.com,testpass123!,bwd19sxngtrwdxf45h4r83w9to
user-422@testmail.com,testpass123!,5ed74r7nxfd1mrnhjtb93ofnie
user-424@testmail.com,testpass123!,gswkosjfwjgg8cacjm1jfuyhpe
user-425@testmail.com,testpass123!,outqwwqt47gxbfgf8h1cp7ayfa
user-430@testmail.com,testpass123!,f5tj6qbkb7ygjjzeywkbq1h8gh
user-427@testmail.com,testpass123!,yqj3sgtsjf8juerh759b5n864o
user-429@testmail.com,testpass123!,y5h7mpx8e3ny3m8cs5dwn7pwxo
user-428@testmail.com,testpass123!,hjgdqrhgsbrgxbebw7mmt9j9iy
user-426@testmail.com,testpass123!,4cnzewndwjfrtx9hzzurstdd4a
user-431@testmail.com,testpass123!,eo64yknopbrhfdtd8g5k9gxraw
user-434@testmail.com,testpass123!,hurcofw7xfd3brqqdhbqapyouy
user-433@testmail.com,testpass123!,k8hjxurx5fru98he5f5q98pxzc
user-432@testmail.com,testpass123!,symdm31qr7y83riwre3opnahsr
user-437@testmail.com,testpass123!,r4gp6chbfbgo5pmhpapj4b5s7e
user-436@testmail.com,testpass123!,f6ckcg8qajgczdjpt5fdbshfeh
user-435@testmail.com,testpass123!,hi3u5bkbftn8xnsyu11c54tfoe
user-439@testmail.com,testpass123!,drxsoqr1ffyyxj6xcdkspoxcqy
user-438@testmail.com,testpass123!,cakpwu4ff7nt8y8cyrhptdr8fo
user-440@testmail.com,testpass123!,ajr3trhszffqie11g9ngugfqkh
user-443@testmail.com,testpass123!,knba6wiw9ir7mjhwcra66s41rc
user-444@testmail.com,testpass123!,isxwjqkkwbdqigoudr81rwpkza
user-441@testmail.com,testpass123!,65nq65zhppbt3j5w4jzxqrbf8o
user-442@testmail.com,testpass123!,rsouux5ustbr7rtp3hfzkobo8y
user-449@testmail.com,testpass123!,gyqrbgzbb78adbg9rgey5bntwo
user-448@testmail.com,testpass123!,k3be1yeodbfctr99xuyniepuoc
user-445@testmail.com,testpass123!,a3aj91fa3trnpyh57aj41hcayo
user-446@testmail.com,testpass123!,jih7zfy8xbgyxrgm35rkfcgwiw
user-447@testmail.com,testpass123!,wz8t5zu5a3npjpig1k9ghpuq3w
user-452@testmail.com,testpass123!,fiu6e9bhqibeze54bmb67eu8wc
user-453@testmail.com,testpass123!,ss3qeeuxdinibfo1t8ftxaexca
user-450@testmail.com,testpass123!,m6y6nx3mrbbnfjw51a687u3j6o
user-454@testmail.com,testpass123!,m1x4mikj4jyrpfdi66hixh5p1y
user-451@testmail.com,testpass123!,koahpth6hfr49rfy7im1inz8so
user-457@testmail.com,testpass123!,17emxx3o6jbiz8o3htmykicq5w
user-472@testmail.com,testpass123!,h1shqbhcmjbz8gbwxr8w7qq8pr
user-470@testmail.com,testpass123!,f5d7artuqtbddqxsnyhwrgartc
user-464@testmail.com,testpass123!,y6tn1dw1upf33d9a6j19cmkfky
user-473@testmail.com,testpass123!,ynjmwjh3tt8f8bohxaj45pbh3w
user-465@testmail.com,testpass123!,4d1utbixbiyw9bcohfznx8jcdo
user-456@testmail.com,testpass123!,qycdxmz13pg78y1t14j5y4xnbw
user-462@testmail.com,testpass123!,1opyx1p8cpryjx8qu1qenfpwuc
user-460@testmail.com,testpass123!,nc59q6m3kbnduqf7pmyuw9bgua
user-467@testmail.com,testpass123!,5us5z3w3aj8wbrqmweo1qnah4o
user-469@testmail.com,testpass123!,31quahae7pggu8xa6adkebe8uc
user-468@testmail.com,testpass123!,ezwxkcpamig15m4r8pey4wtnbe
user-463@testmail.com,testpass123!,4qgezowatjripdn3w8p3jt43to
user-459@testmail.com,testpass123!,g1aruqu3dtdx38yq9qc6gontoh
user-466@testmail.com,testpass123!,4h4qhwfhs7bzppgb6ffe87ffdh
user-474@testmail.com,testpass123!,ys4jex8wj3gadfxursewcwfriw
user-458@testmail.com,testpass123!,4mu7y91ncjf3fctb1maoih9jth
user-471@testmail.com,testpass123!,tz1yoicuzj8czysnpfp4hskkpc
user-455@testmail.com,testpass123!,tpa4c59d1tygurrurdee3xp86o
user-461@testmail.com,testpass123!,3xuy59huhircxct375pbbhg3uc
user-481@testmail.com,testpass123!,8u94hck98jgeuqz9pi45zbhqee
user-479@testmail.com,testpass123!,rdwg6rnyx3bii8yb6ejuy334ia
user-476@testmail.com,testpass123!,gj7iuituapypdn5sqped1nn54a
user-480@testmail.com,testpass123!,4f9kkh5agbbkdefsds9o56xbuw
user-477@testmail.com,testpass123!,coeg4qz9f3rebr77qsfs144e1y
user-484@testmail.com,testpass123!,34ay9x4izfg9dck9yw6zryc1ye
user-475@testmail.com,testpass123!,ysnzw6pg4tyzmer3dk6k4kf9zr
user-486@testmail.com,testpass123!,3gfogi388p8jdgx1e8yaebj7ba
user-485@testmail.com,testpass123!,aug6rwb1e3ruznnuek1cfjkoue
user-478@testmail.com,testpass123!,rtasfrd977boud53yafw67u3zw
user-483@testmail.com,testpass123!,m9yqefttkjycirjei3x5b4bt8y
user-488@testmail.com,testpass123!,p19x6he4sbn988zgsit6iwxwrw
user-482@testmail.com,testpass123!,no8xejgj17bz3dqpqng51ermnw
user-491@testmail.com,testpass123!,3ap6e8em73y7uyaqg63prfmr8r
user-495@testmail.com,testpass123!,me9w89hfytrm8jfugrgqxif45a
user-494@testmail.com,testpass123!,f465zsxqffy1xnkgxjby7c5fjo
user-489@testmail.com,testpass123!,qm4s4yhbxbrfukkyzrswcudkpc
user-493@testmail.com,testpass123!,yjucy7afwinz3pdtxftu17857e
user-487@testmail.com,testpass123!,dboyx8c1pffq9kud6zqudie1sh
user-492@testmail.com,testpass123!,cd36cop7gtrftkh8f641ku5unw
user-497@testmail.com,testpass123!,iowznb87jbr65fw18wx9et3dhr
user-496@testmail.com,testpass123!,ob35hbs7p3fjfbwohrtdqb35yc
user-490@testmail.com,testpass123!,b9b7bimxgfrxmrsx5yqaba4ohy
user-498@testmail.com,testpass123!,u1oah8j89ty45qo5pxikcz17nh
user-499@testmail.com,testpass123!,6bukwfpsi7gr7fnjperijqx89e
user-504@testmail.com,testpass123!,7prw1rpte7r5mcwrbakdjb4apc
user-501@testmail.com,testpass123!,97strs57ciy8dez7z9i74f75hc
user-503@testmail.com,testpass123!,tf3pj7xhjp8yudr7t51dfsed9r
user-500@testmail.com,testpass123!,rgojh4iyubbwinbz1rz7c1yrcr
user-505@testmail.com,testpass123!,4m4h8eogf7f3pq18uqen9y6cyc
user-506@testmail.com,testpass123!,w4t775asab8txyd668c1zk5bso
user-507@testmail.com,testpass123!,q74x37fsa3r1mnq7zqfnr11gyw
user-508@testmail.com,testpass123!,p4f6s9wt4ty8x81bpg5rqkgssy
user-509@testmail.com,testpass123!,ggm43ohmdpbx38ha13kadprdny
user-502@testmail.com,testpass123!,bzf4xd6h1jbtzcachu4q7y46ur
user-510@testmail.com,testpass123!,b1md1arxdfbajfd8r1fopp8c4e
user-512@testmail.com,testpass123!,feqjbn9odida5yjx87ynwydjpa
user-515@testmail.com,testpass123!,z6xq9egig7dx8qqy1d88zg58ue
user-511@testmail.com,testpass123!,87c63yfutiyudqt6b6yi51k58c
user-514@testmail.com,testpass123!,bqe89e116p8h7bj7945x88eajr
user-513@testmail.com,testpass123!,jm75jge4otfzxnj489tbzi53uy
user-517@testmail.com,testpass123!,h41tpa94r3d4trsu4bo5hie8dw
user-518@testmail.com,testpass123!,uied8kbkq3yfmbx4ng64izb11c
user-516@testmail.com,testpass123!,pejk7y5ia3rttp467796h76xur
user-519@testmail.com,testpass123!,i5ca1pkup3bxjgoyhfefxbidoy
user-520@testmail.com,testpass123!,3qs5j554d3gjjy7bdj591mfzcy
user-521@testmail.com,testpass123!,msnaorjfk3bmxqxznpe5iwst3e
user-523@testmail.com,testpass123!,1o1a6oohybnfzrnfek631gugte
user-524@testmail.com,testpass123!,hj3nw6i7ujd1pfep4tw9dd1fuy
user-522@testmail.com,testpass123!,8btpk7iyctyr7cbho84o8jd17h
user-525@testmail.com,testpass123!,7mqaogksetbmdfdpnjxg1n4mpr
user-526@testmail.com,testpass123!,63pu5r9b8j8biqcdtb7z61hcjh
user-528@testmail.com,testpass123!,gsjxkboqf3f3mqo9fg5ch95hxa
user-527@testmail.com,testpass123!,jawqpmjr3bnpufe89ynoxp9mde
user-529@testmail.com,testpass123!,6mfdrz7caf8szkuqjqwc53c9ty
user-530@testmail.com,testpass123!,fsnrbbms3pdzjjkzduskyn8pkw
user-531@testmail.com,testpass123!,ri1hpbpjg7fqfx6jscq71tgtba
user-533@testmail.com,testpass123!,jg8a9n419jryuesk9147b5p7ja
user-532@testmail.com,testpass123!,qgg4d1ktbf8ofdezu83sr479ee
user-534@testmail.com,testpass123!,u3wen43e438a9yzif5m5a7sh5a
user-535@testmail.com,testpass123!,5ecxx8kmftrpimnnipiqhz8pna
user-536@testmail.com,testpass123!,g7u1m58caiy3pyhmkiyqyb1r9e
user-537@testmail.com,testpass123!,pozxcgahtiyy7jcj6h7pphbctc
user-538@testmail.com,testpass123!,z5s9b8xmhjy5umjopnugdgn9hc
user-540@testmail.com,testpass123!,srkru89d6bgtbjui7sizhamzih
user-539@testmail.com,testpass123!,74zufhroyfbwfcrudjs7nhk3da
user-541@testmail.com,testpass123!,cujwxrczjtgcicmtx9k7zzbmzr
user-543@testmail.com,testpass123!,o13d63ezj789fmoje6ir78wdmy
user-545@testmail.com,testpass123!,s3hoqz14b78eidw185o644noxy
user-542@testmail.com,testpass123!,uc1h4z5opfdyxmpfhaamdycsne
user-544@testmail.com,testpass123!,r1pty6quxfydum8mxdxkpfh86y
user-549@testmail.com,testpass123!,np5fhpxy7idj5qth9asrkr4bby
user-546@testmail.com,testpass123!,taqptzh7of858js6k4ksdpjd9r
user-547@testmail.com,testpass123!,czisxiuiobgnjqzis3nmhqp1jh
user-548@testmail.com,testpass123!,aqq3pbogop8x9yg7t73z68uszr
user-550@testmail.com,testpass123!,yg9s4c1a4jdb8dpf1y4wwwuygo
user-551@testmail.com,testpass123!,3q6xtmzouprfdeku6owo6fjwco
user-552@testmail.com,testpass123!,qpq6uw144bb6pnthidrf57qajc
user-555@testmail.com,testpass123!,z6jbsh9993d4jnkt63qf9w5fec
user-557@testmail.com,testpass123!,3qf7d8nqnjfexqgx37h8ad4qmy
user-554@testmail.com,testpass123!,kkirfkthx7bsjniact81jkeh8y
user-553@testmail.com,testpass123!,q7zzcu681fruup714qqs7icw7e
user-556@testmail.com,testpass123!,aod3g555ujbhfyk57fa45wqyjy
user-558@testmail.com,testpass123!,acibgnzdz3nfmdgbopz4n5fi5o
user-560@testmail.com,testpass123!,y6cuuikdeiy6dm5j6znb5s465a
user-559@testmail.com,testpass123!,jai6rfqhgjfb8fa4zarkrxqdyy
user-561@testmail.com,testpass123!,sowizof9did9i8sa9mmuiuriia
user-564@testmail.com,testpass123!,jzjq9yk5oira7mmwiuoa5z3qth
user-563@testmail.com,testpass123!,hqd1f73ce3n3bkur1o79obfdde
user-568@testmail.com,testpass123!,ukiu7qre5jb1txu9rmr133n5cc
user-562@testmail.com,testpass123!,qd8doszpepdjmyohpdpbwfowjr
user-567@testmail.com,testpass123!,gszgcydk5jrd3k3y7u3fsxhqta
user-565@testmail.com,testpass123!,umdwjnqdbpr7jd5wd4uj7np69y
user-569@testmail.com,testpass123!,mho9eh7q97db5dpeaqcq9uhhfc
user-570@testmail.com,testpass123!,fwpd331ur38kfe3aoab95fhkch
user-566@testmail.com,testpass123!,dwmeje689ifxtqpedg1w1qewfa
user-571@testmail.com,testpass123!,xxx7xeuzjp853dq7ig9fs5ejmh
user-572@testmail.com,testpass123!,bkx6orjxfif3zp69n6ggruorcy
user-577@testmail.com,testpass123!,sounpdc6m3yn5nsosrxgh3urzy
user-576@testmail.com,testpass123!,91w14ps8upfoikpsprbuqtraie
user-574@testmail.com,testpass123!,o3zc1jm3z7r9mbhiomeehoiy4w
user-575@testmail.com,testpass123!,wbmziki8dbndfc4izybrqqp9gh
user-573@testmail.com,testpass123!,p6kbsdh9apyp3y3rfzpkasze8r
user-581@testmail.com,testpass123!,wn5uz73dgfdntkkqh7nn7eh73c
user-585@testmail.com,testpass123!,7pqdjn8nrffpbjdwaquud5xcao
user-579@testmail.com,testpass123!,wn7d9re3r7n7uc1hjr7nbqycea
user-578@testmail.com,testpass123!,styb93zqntn63e6dcbdiu8dtmy
user-580@testmail.com,testpass123!,zx53jfixtbnf7daehecpfbwi9h
user-582@testmail.com,testpass123!,5fwssrxseibm388ius869rq7yr
user-590@testmail.com,testpass123!,y6cieoact3ra8dpxdaojzhthso
user-587@testmail.com,testpass123!,gfpi9ac7zpyn8giwyyusiz3huo
user-588@testmail.com,testpass123!,45wybmq1f786zce3ua48ui5d7r
user-589@testmail.com,testpass123!,c3bipccsep87megr8ui5dkhnur
user-591@testmail.com,testpass123!,rjepknyt5tb3mqar4g5kp1d6qr
user-594@testmail.com,testpass123!,xawp5w5w4jfxjy8dgukipyzx6a
user-584@testmail.com,testpass123!,81xoyiy35frx3dny7qm97ruskr
user-586@testmail.com,testpass123!,5ro6bfawa3gkbxueimotgq8oqy
user-593@testmail.com,testpass123!,eusxks9dr78ei8x449981oodra
user-595@testmail.com,testpass123!,xeeymnsgptdqxbtd7iznwpm1zy
user-583@testmail.com,testpass123!,z9u6kpaze7ra7f4kj6oc8h551c
user-603@testmail.com,testpass123!,fferxfnribrfbqny9bfuyeiwjc
user-597@testmail.com,testpass123!,7g9y1sts57deubwdhzde4xidzc
user-600@testmail.com,testpass123!,ef5rp6dm6jnfjyyzso8txy4fjc
user-598@testmail.com,testpass123!,bbj5qanodtgrix4n5nxdt9q9iw
user-592@testmail.com,testpass123!,td86h71k57gabcamdytcwb3k3h
user-599@testmail.com,testpass123!,dfesuyennp8apmub8cjjn6hgcy
user-596@testmail.com,testpass123!,6hhdwwac17r1uxjooq6zm7enko
user-602@testmail.com,testpass123!,k34944w7u3gmiymdnbie8u45uy
user-601@testmail.com,testpass123!,qzfu7sxwzbny3y49i1qt3r75er
user-609@testmail.com,testpass123!,kz8enm6x67bw5gfqgwxfe3n5jr
user-604@testmail.com,testpass123!,8szp8y3x638kmyfo14kzqxt4fy
user-614@testmail.com,testpass123!,zk1umgffsbgut81c6kdcawuipa
user-606@testmail.com,testpass123!,4zr8byazh7dz9g99wi8br9nqwo
user-607@testmail.com,testpass123!,wrwjeg3yh38sddq4xbq6yrbxmh
user-612@testmail.com,testpass123!,3o8ksjp4gtyafn91d6owmxtc7o
user-605@testmail.com,testpass123!,hwyhp99jxid1xxg1j46rp7jk1w
user-616@testmail.com,testpass123!,tzaiw6bc3pbuigg9mmingt3e6h
user-610@testmail.com,testpass123!,hsxyept49t8h8xr1kkhoyiaqua
user-619@testmail.com,testpass123!,r6iotwc8ofnuujxtpgmiiqtwwr
user-613@testmail.com,testpass123!,carzypy1gjbpjdkxf69o1j5wic
user-608@testmail.com,testpass123!,1igqeo6jqb8z9xf5m3fwgrae3a
user-611@testmail.com,testpass123!,8bkwh68jcin63ejrgbhwkbihac
user-621@testmail.com,testpass123!,fwo31wxo6bfe3fnwyc7aahowac
user-615@testmail.com,testpass123!,1ngjgt8ok3fbjpd8mysbq4fhfw
user-617@testmail.com,testpass123!,nz78qd3q6785bm4q46buk33hpe
user-622@testmail.com,testpass123!,itd6zj398jy57gefr8i5bn3tth
user-618@testmail.com,testpass123!,s4jnbfti3jgsjg1j7gu5oom3yo
user-620@testmail.com,testpass123!,xx586zoh13gutkpq1im1cd3c3h
user-629@testmail.com,testpass123!,gemarozoetd6fputjuamonrric
user-630@testmail.com,testpass123!,qozcwf5qttf6xr79bxzmqyrt1c
user-627@testmail.com,testpass123!,jggkpos8figj3xujaumdrsmbny
user-623@testmail.com,testpass123!,kpkobuey9jri7yaaqdgp3ppkwh
user-626@testmail.com,testpass123!,369x7hny97rq8qbz1r1qwgnkxc
user-631@testmail.com,testpass123!,kisbmcxx33y3tfpwxqohcnik9a
user-624@testmail.com,testpass123!,mp3wmyfro7bfjgro9yinqjhy4e
user-628@testmail.com,testpass123!,awr44by3m7nz7fdrnin1t81fro
user-625@testmail.com,testpass123!,bxeqhzwjapn5dby9eowprdbero
user-638@testmail.com,testpass123!,7bamrsn737fg3c6u1mbxqwrwtr
user-633@testmail.com,testpass123!,x91zcj4xdtfm8es14ymwyo7xxo
user-634@testmail.com,testpass123!,cwk573gjnfyj8yahazyqgc3o5r
user-636@testmail.com,testpass123!,ci5u4z9b6bbymn64tcqo8ypr1o
user-632@testmail.com,testpass123!,9bdtkww93jbi9bxm3ka6d9tmsy
user-635@testmail.com,testpass123!,hyyxr4sykjgtiqhsiz4cykaenc
user-639@testmail.com,testpass123!,sce8ecndobbticwshfc3wjjpue
user-642@testmail.com,testpass123!,nucxp9thqir7jrt7a1w8bc4y7h
user-640@testmail.com,testpass123!,k6176rq6zfy53edafauhnd1mfa
user-644@testmail.com,testpass123!,3mdyf3y8mff83mqy99bi8pk5sc
user-649@testmail.com,testpass123!,h13mdio1r3dn98u8iq3oree6aw
user-646@testmail.com,testpass123!,d7stuge717nt5m3qks1g9jooea
user-641@testmail.com,testpass123!,xb66himwbiy9tfj3cnc8ffr1iy
user-647@testmail.com,testpass123!,7epef3rdwfncfnan6qu6snbfno
user-651@testmail.com,testpass123!,4bso77rt6ty9ue18bp778g99qr
user-645@testmail.com,testpass123!,7gwhice87b8gfjtahzxu5gieew
user-643@testmail.com,testpass123!,46h58f7e7bfw587j1ysz78173c
user-637@testmail.com,testpass123!,hqxnbt91f3gn5bm5gsst9d64rw
user-653@testmail.com,testpass123!,9o7osj9ej7ns8dhu3fy9bigfno
user-650@testmail.com,testpass123!,g5iej83u378xjgwkiueyqg6pew
user-648@testmail.com,testpass123!,qmmwwq1ftbgu3r357dqosbdijw
user-655@testmail.com,testpass123!,fqhnbr4cqjnp3frfymzczbtbhh
user-652@testmail.com,testpass123!,6kzphw1mypbotyxq41di4uet8a
user-659@testmail.com,testpass123!,8c6o5cezctrq3p6pbgbfkpx6sh
user-661@testmail.com,testpass123!,9mhn7569ybdotm46si4gtmyhuh
user-658@testmail.com,testpass123!,gxmyhjfw9tbu9xr5ch5xkanese
user-662@testmail.com,testpass123!,xz4kgtm1hfrkfbkf34pj4fj36y
user-654@testmail.com,testpass123!,3r8zsojze78ctbr49z1dbia69r
user-657@testmail.com,testpass123!,9nbkzoctmbnuzr6ub3d7umt98y
user-656@testmail.com,testpass123!,gjmww63o8ifw5qi766ha4m9wph
user-663@testmail.com,testpass123!,yoyu75k8w7gbtf4441iq6inm5r
user-665@testmail.com,testpass123!,hdr8rcnkz3g9bc9nfq61wiih8h
user-660@testmail.com,testpass123!,ntrnoo4y3trjjxieakns369ekc
user-668@testmail.com,testpass123!,epkk3bou57ry7r7hqcoxkgahho
user-667@testmail.com,testpass123!,bcf5b3tcrjyn8ffb4kffdxsiae
user-666@testmail.com,testpass123!,srxeamm5eig45fsikcaugz8nuy
user-669@testmail.com,testpass123!,jgadf9sdcide8boks7ebg3t9hr
user-671@testmail.com,testpass123!,su919n1pm7yqbq7o6io914rqfh
user-674@testmail.com,testpass123!,bxggsf866pn6pkzzght1mk8bec
user-670@testmail.com,testpass123!,ir6dmnzu1p8yiro3nj9eeqtzdr
user-664@testmail.com,testpass123!,hxn9qgwozbywbf81ngdogyjsbe
user-673@testmail.com,testpass123!,5byojt5bp3fxtktzcuijwoyn8w
user-672@testmail.com,testpass123!,ubmgixuriifafe4r74aayp944a
user-675@testmail.com,testpass123!,tna6bx4gkpfrjrdzt3epydswbh
user-676@testmail.com,testpass123!,cswwfeokpfdcbnwag4wpqn9cre
user-677@testmail.com,testpass123!,jezzp81uupdddyreybta57ma5e
user-681@testmail.com,testpass123!,rumrjkj4u7by3x7ih5ch8rqwer
user-679@testmail.com,testpass123!,putw3txgwfn1zcynuwhs1tz3dw
user-678@testmail.com,testpass123!,qdjkunixfffw3bm63eipsgeato
user-682@testmail.com,testpass123!,sz64cbmioi859j7ocazxp66kuy
user-687@testmail.com,testpass123!,suaxdbk6e7815r97a8ows7595h
user-685@testmail.com,testpass123!,njo54f1kxbgtimappkyfddw9wc
user-683@testmail.com,testpass123!,d8y5yyasap84tj73cocqqzscjo
user-686@testmail.com,testpass123!,w5fmgn3o7pbf8jxkkzrziksfhc
user-684@testmail.com,testpass123!,a667pigepj83igymhzoe6mtuea
user-680@testmail.com,testpass123!,ci8qjrf437nc9ehr9o3nhj97hy
user-688@testmail.com,testpass123!,w3eczpp86iba98194hy41nuwuo
user-689@testmail.com,testpass123!,npk73mnsnpnqxqx5izrxby4wey
user-691@testmail.com,testpass123!,9e6rc95bf3frpe5n3woaxafk7c
user-690@testmail.com,testpass123!,bged6scstbysmqou315siukxje
user-692@testmail.com,testpass123!,abhypgq88pdy7rpb5sp4ajtejo
user-693@testmail.com,testpass123!,pkfb9zn3xjdxdbcaunug1nqw9y
user-694@testmail.com,testpass123!,jskeuxk4qjbjdraq43dkgnhdgo
user-695@testmail.com,testpass123!,ahkbzajac78hudsckzumm4s9cr
user-696@testmail.com,testpass123!,hkix66nyapno3ytyoesc534kuy
user-697@testmail.com,testpass123!,q4pj9gwi1bdppdhzgut4t3umuh
user-699@testmail.com,testpass123!,jkcfp51wepdauyw57ydn3dwxbr
user-700@testmail.com,testpass123!,mdnd66i43jrcukq7j17y8a8gso
user-701@testmail.com,testpass123!,sr3dg7krf7gtugsou9wbijcbnr
user-698@testmail.com,testpass123!,5mj5tojadtd438rui1c1e6rsaa
user-702@testmail.com,testpass123!,qcnce5esy3rnixczpjhmrhtd3o
user-703@testmail.com,testpass123!,yd85x1oa5byfxd66nd7pnjmsey
user-705@testmail.com,testpass123!,birp1kuhcjy6tkjxq5r3ecu5yc
user-706@testmail.com,testpass123!,65qomogehfbg9mhzmoxgce4hny
user-704@testmail.com,testpass123!,g3phu6nop7rupq7zcz9ceh46dh
user-708@testmail.com,testpass123!,1jixuz8xh3n3jx4nmkregsn6ma
user-707@testmail.com,testpass123!,36b3ut5ah3rd3xdi4aeikdeumc
user-710@testmail.com,testpass123!,4gj8jp8ugjbybb9j4xtw79icew
user-709@testmail.com,testpass123!,tywhk553rbgz5js9c9nkmb4ttc
user-711@testmail.com,testpass123!,txg961955bbq5fczc6ms7fyi7c
user-713@testmail.com,testpass123!,4khdg93147ge8d9kcnaumimjph
user-712@testmail.com,testpass123!,qhe5q9u3pjr7jnoxfsdboy1zpr
user-715@testmail.com,testpass123!,m7wuzeox938m7js9jnigoc615e
user-714@testmail.com,testpass123!,d88fepqobins9kyr5tgw6n1tka
user-716@testmail.com,testpass123!,ahn4p6x9a7rt5jexidhh96pfaw
user-718@testmail.com,testpass123!,wb1dbjs7ujn4udu8b9uyqdezaw
user-717@testmail.com,testpass123!,59hx7uh6uibaiph7s9wkgyio8a
user-719@testmail.com,testpass123!,zfktp1sku7yjmey3ji1qsagoew
user-720@testmail.com,testpass123!,ox4ng9p7m3g13ysieo4qfppuwc
user-722@testmail.com,testpass123!,e5nux9ierjds7x7u9czwkx4zfa
user-721@testmail.com,testpass123!,du9ad7cyabba3ria79osg8sw3c
user-723@testmail.com,testpass123!,opbt3cddmpgw88j9egahcuwutw
user-724@testmail.com,testpass123!,yof8ycsq9pdpbfnt4zp3ht4h1y
user-725@testmail.com,testpass123!,jzbyhihns3nr9xrqht5nit7nfc
user-727@testmail.com,testpass123!,ph98f51dztg8xxfrjybeubqj7r
user-726@testmail.com,testpass123!,8owqmaxc8jgnun9ztaf4s5bmra
user-729@testmail.com,testpass123!,nz3h6po8atdjdrfj3oo15swd7w
user-728@testmail.com,testpass123!,7kkud94z13b97grumgrpqcsq8a
user-731@testmail.com,testpass123!,nccnyggw7jr8jp3wcmgtiqydke
user-732@testmail.com,testpass123!,8ypa78g77tna8cug6ecm8eisjr
user-730@testmail.com,testpass123!,rsfiiak8m3neffj53iboz4mwir
user-734@testmail.com,testpass123!,sz3hpfwq3ig3jriqjbzrnw9hqw
user-735@testmail.com,testpass123!,o4hp4k13atgy9ehgiqujk97hce
user-737@testmail.com,testpass123!,rujrwe6mkjgz3rmfaee1wbsq5e
user-736@testmail.com,testpass123!,1xgxj1trtpbntn1x9rihdosd3r
user-733@testmail.com,testpass123!,bfgz8xpf1by6uk559rx1bu3oyr
user-739@testmail.com,testpass123!,b55k5ur3j7ds7ggupmyhebcutw
user-738@testmail.com,testpass123!,bupmq3gwe7npx8jpdnye9jd5sw
user-740@testmail.com,testpass123!,65ecjy6xptgbpci5ua3ckimu6e
user-741@testmail.com,testpass123!,pweztmfhc3ndmqumykn37rc13e
user-742@testmail.com,testpass123!,sjpyfd4njtfcidepdgwqqe8boe
user-744@testmail.com,testpass123!,k1m63ojhwtddddwh18uzpjd33a
user-743@testmail.com,testpass123!,3gp1thrcmbghmjk6bjwjrqb4yy
user-746@testmail.com,testpass123!,4xpwz8dh8py5ipht5dc19p746y
user-745@testmail.com,testpass123!,u561u79xebn69pta7sm674r7ry
user-748@testmail.com,testpass123!,3bgp7o1q1ir69q7g3fqnkgi3qc
user-749@testmail.com,testpass123!,uxbffd6y37rp9fi3kwz1pgqsqa
user-747@testmail.com,testpass123!,mpomxcwpqtbibpdtxhinyp1k4e
user-753@testmail.com,testpass123!,z3xjsazcu7rgdb54czoxnnhmto
user-750@testmail.com,testpass123!,1yk18q8hztfsuqudb3r3475ojo
user-751@testmail.com,testpass123!,xkeqjatkfjyr8bi9i8i8q9mqye
user-752@testmail.com,testpass123!,3u5zgnnt4tg4zetixqs5xb9yeh
user-754@testmail.com,testpass123!,pskzsuhzptno5b1zqoxeprocbo
user-756@testmail.com,testpass123!,dyd5dm8rsfr69f7165cz44zeoo
user-755@testmail.com,testpass123!,c4tg65myxi8tujkzusna1t3hwr
user-757@testmail.com,testpass123!,66zhthphhpnifn1j5resaq5ash
user-758@testmail.com,testpass123!,sjhtocc1xjrqtba5txpaz1pjor
user-759@testmail.com,testpass123!,hp3pnmnk5td8jjfgizcjpbnpyy
user-760@testmail.com,testpass123!,dr4eoasidpnjdnnr9fpkzw3z8y
user-764@testmail.com,testpass123!,7s9djsh6ti8fxmi1niepoagzqa
user-762@testmail.com,testpass123!,k3uiuwfdtib6jp9tqtxib4qhgh
user-761@testmail.com,testpass123!,uiwiea155jgmjkqjhse5fue8rh
user-763@testmail.com,testpass123!,j53jdk9qpfnpdprdjx5yj7ancy
user-765@testmail.com,testpass123!,gc6sfhunmprxfn4zgef7f8jqgw
user-767@testmail.com,testpass123!,g1k7xft18tf6ijdag57j773tma
user-766@testmail.com,testpass123!,3dtmydn1s3gzjdhmmbbkrdwthe
user-768@testmail.com,testpass123!,ppiah8zhfjnm88ieizjw51pmpw
user-769@testmail.com,testpass123!,iwdqhz8fypfwmqs1p3mjkzsasc
user-771@testmail.com,testpass123!,31nb8oiidifcpdt9ub7a3hq4gw
user-772@testmail.com,testpass123!,3nfe3nk6fjdud8u9f4tmt77axh
user-770@testmail.com,testpass123!,myyt6u4y37dbidu9h6ayhjf1ba
user-773@testmail.com,testpass123!,4yr1hi9647fq8qrcxds6xbc47c
user-774@testmail.com,testpass123!,5f56sh5c3tdn9cfurkafci5kxy
user-775@testmail.com,testpass123!,gfwu3ksuwbdumnwkdd7yxomcbo
user-776@testmail.com,testpass123!,smjc4kqrgpnafck3xpxa9d1e3o
user-779@testmail.com,testpass123!,fhombwqakidxzer4me7irwxx1r
user-777@testmail.com,testpass123!,xhftuqbpd3fxijmttg7xd5pkjy
user-780@testmail.com,testpass123!,idcdpq7i4pdhmdsachbdcan9ry
user-778@testmail.com,testpass123!,xsijxefe4pfrx8qhj9cpxfewxh
user-781@testmail.com,testpass123!,zorunmzifb8sikg7tt3jrtb3ja
user-783@testmail.com,testpass123!,wmcmpx8d1fnz9qqm49zsnmohdh
user-782@testmail.com,testpass123!,k31y136c7fdoiqpmmkorcgz76c
user-784@testmail.com,testpass123!,dhz7xz1if7fk5qwy484bmz6u9o
user-785@testmail.com,testpass123!,h1unbbmkj7n7tm7y8d6i4qdhyy
user-787@testmail.com,testpass123!,dm6b4na74j8n8jpyg36pgmm9bc
user-788@testmail.com,testpass123!,3zhwucc9zfrzmjbzdnd9a7n97y
user-786@testmail.com,testpass123!,miuhwi94styoucgxcsu8itjsih
user-790@testmail.com,testpass123!,1rqia86ket8ijdp5eypkpg8r6h
user-789@testmail.com,testpass123!,ydgwe6xx8bdqmc9d3axzfu5w7c
user-792@testmail.com,testpass123!,um396gnt57f1inh81abt6jajky
user-791@testmail.com,testpass123!,zb7re4anht8qjfq8sc1o4bscjw
user-798@testmail.com,testpass123!,hi3cykdncpgq8esnd9opaa8y7o
user-795@testmail.com,testpass123!,i3s1zc6kutdbjx8y9crggbhgca
user-793@testmail.com,testpass123!,mpbeb8otabn7un7suxszdsq5qe
user-796@testmail.com,testpass123!,sex4uomws3ym8kcidu3axuerso
user-794@testmail.com,testpass123!,rjd6cnmriigbpybmxkbaxew9ah
user-799@testmail.com,testpass123!,i9p6p4p39jf6p8g47cpam5hfih
user-800@testmail.com,testpass123!,aje7cs7hapy69ge816p18ik8ue
user-797@testmail.com,testpass123!,4drb1btnib87bfdnhqyqadarmc
user-801@testmail.com,testpass123!,8y4t89impi8wmrtjwejfmf676h
user-802@testmail.com,testpass123!,fnuqrgcjgff6mrchznxjwiuhby
user-803@testmail.com,testpass123!,cqx5hgx4bb8g8c99uc76n3rs1y
user-804@testmail.com,testpass123!,9emwfhur8tn69c9hdedtmn89aa
user-805@testmail.com,testpass123!,d1pd7u8ebfyqtg3mcjdekumaeh
user-806@testmail.com,testpass123!,o7kg9eaznprguxanzisj7oz46y
user-808@testmail.com,testpass123!,cekezbhgwfrz9rnwtho1n8u63h
user-810@testmail.com,testpass123!,usc4e3u6t7gxjgfh33w97c8k5w
user-811@testmail.com,testpass123!,ib8yunstfj8yuyi67e1itod6ow
user-809@testmail.com,testpass123!,q6ax7nyc5pniurz94e9pz633ew
user-823@testmail.com,testpass123!,ipxdk14f6t84brrs4s91c59her
user-822@testmail.com,testpass123!,sr667tj9z7b7jkpdae6kiniswh
user-821@testmail.com,testpass123!,9p3d55anxfgaxp9e7s6mb68dsh
user-820@testmail.com,testpass123!,ab8jwazzwbbnxgukkbkpe463pa
user-819@testmail.com,testpass123!,31fhk3fwujfyuqh15pkf4wkmne
user-817@testmail.com,testpass123!,ump668p6xjfwxnbu3ihazhohny
user-816@testmail.com,testpass123!,3sc93fzybpgu9m3cmpc7eu7fkh
user-818@testmail.com,testpass123!,u33x7wfbyinfik9enc3s4nmaic
user-815@testmail.com,testpass123!,dzn1cn8gp7yytmfu5kmn8kiq7e
user-812@testmail.com,testpass123!,des76oc4ajgibneue8pc7ajxee
user-813@testmail.com,testpass123!,8z5qrd9qitbhxmb5y3tke1zkya
user-807@testmail.com,testpass123!,opb9dedtcjriigptm6dwg58buw
user-814@testmail.com,testpass123!,ebdnhowu5jdi9duj4cqe77m87c
user-839@testmail.com,testpass123!,54jbs85c8bnr5cqfh41sxmf5ec
user-829@testmail.com,testpass123!,pehc5st6bin5dc3jq75o3irt7o
user-827@testmail.com,testpass123!,5dbntyo4k3r4zeq7a4mowm77ph
user-845@testmail.com,testpass123!,he6o4nrjjpdi9eda4e44ptyj9c
user-849@testmail.com,testpass123!,txakxs91xfgxp8ih7inp8byu3o
user-847@testmail.com,testpass123!,mzipokc1xjyozm33wb5gk9d6yo
user-844@testmail.com,testpass123!,icxcbu9rbjdddfj6peef6nbkmw
user-851@testmail.com,testpass123!,47cooppmtt8rxknnphqf9wpmdr
user-848@testmail.com,testpass123!,y1zgw5ngmfbdunhmrknbjxj5pa
user-830@testmail.com,testpass123!,fpoxam83utfw9kgd77pc8mu93r
user-826@testmail.com,testpass123!,6dnpnyfiofn9pkg7hcmpy4u38o
user-838@testmail.com,testpass123!,u1uunfaj43yhbyqzj6ihka88nr
user-824@testmail.com,testpass123!,4jtp1kwg67b5tx3dgkmri3psyc
user-843@testmail.com,testpass123!,iuopadcrxbrj9m8ycs1ro3gj6w
user-837@testmail.com,testpass123!,nf7yj95yzpyiibt13h6et3iw9e
user-858@testmail.com,testpass123!,ajan6tzxktgcxdcfy335rbp4mh
user-825@testmail.com,testpass123!,no4tjxn37jfcffb536a1f7kfya
user-840@testmail.com,testpass123!,qpkz3ip7hifs7ryfyqs3qp1who
user-852@testmail.com,testpass123!,i46g5ez71bgnx8koc9kszp8xac
user-832@testmail.com,testpass123!,h9sh3hz5xjry5yecxpstzrgpga
user-850@testmail.com,testpass123!,dtbiber1p7nw7fatf5ng3bmrde
user-834@testmail.com,testpass123!,3exgojosbjdezgxy1tnrjms9ce
user-836@testmail.com,testpass123!,rq58xq1q93nh8mrdmkq76dia7h
user-860@testmail.com,testpass123!,fr8cx3obafrrtr4e1hrhxq5djw
user-835@testmail.com,testpass123!,n56bhikpgigqzpyjh81qaye8gy
user-841@testmail.com,testpass123!,yn7u1td4ctnb3exu4izckgedph
user-868@testmail.com,testpass123!,jponq3x8rbrumfapx5g7jxonfc
user-831@testmail.com,testpass123!,iftqgncrtbdjxppduzhwioq3qw
user-861@testmail.com,testpass123!,6h8e57zr6jf5pkucuaj1i1tbfy
user-859@testmail.com,testpass123!,3x45933hib8qzxe7ajmhhuhzta
user-863@testmail.com,testpass123!,eea93nw5ibnrbcgazkujdgb3ic
user-862@testmail.com,testpass123!,jrc1he5daproxps4q17ntn51to
user-828@testmail.com,testpass123!,569w4p4yoifobb1y5xe7ft6pdo
user-865@testmail.com,testpass123!,46a1wg5s9pggij8ru7ct7m6dse
user-846@testmail.com,testpass123!,ebtzfabukpfnxcpztfeio71x4e
user-853@testmail.com,testpass123!,g3ny7i673br3jyb3stbxm6wysh
user-869@testmail.com,testpass123!,bap1q6wcf781jfraquw19w3fpo
user-842@testmail.com,testpass123!,7h1amtokafgi8gskxr7jg5zoiy
user-833@testmail.com,testpass123!,3htbpdwcopn15p1h5qub54itwr
user-854@testmail.com,testpass123!,iu6f8chb978pppcfd3i3hn87yy
user-857@testmail.com,testpass123!,rjtupw9xnidexqpoyebh5ugiqr
user-856@testmail.com,testpass123!,hkexiowhk3bx8gs7bbiex7teue
user-866@testmail.com,testpass123!,jhpjdwuuijbajrzm5znjmey79a
user-864@testmail.com,testpass123!,eszcpbh6njrmzqhwzw76tf9zxy
user-870@testmail.com,testpass123!,3y3zbaahupn55qub9oxm75fi3e
user-871@testmail.com,testpass123!,eqc5txsopt8sdktdmqjqdms8yr
user-867@testmail.com,testpass123!,xothncsh9j81pjbxcs39cgo8ar
user-875@testmail.com,testpass123!,drzdxsbh1pryzeh7xbaaq3pxch
user-874@testmail.com,testpass123!,wgcw6y9t1fg1pm4mt7i1fcni8o
user-878@testmail.com,testpass123!,pox3qynghby8bdsndoakb4syfy
user-873@testmail.com,testpass123!,zenf795tsiyj8nec9gbg1c5aer
user-876@testmail.com,testpass123!,57354dco8jnnm8w91diya1auuw
user-872@testmail.com,testpass123!,4ewe4iphb7y1dmokq5nc3deiha
user-879@testmail.com,testpass123!,1b1mqpg9i3nt8gkqt8bthaxbna
user-880@testmail.com,testpass123!,98w9ofuxuingxmfakyxd6d6tjc
user-877@testmail.com,testpass123!,16dg48co63ypuqsxinw6raudho
user-882@testmail.com,testpass123!,soxxtwu787b6upwxt4m3w6ijnc
user-884@testmail.com,testpass123!,wgfryt1zuby89rrpq8npnemg1r
user-881@testmail.com,testpass123!,f3jmnej5a3fsipgx7kbrgoo4xo
user-883@testmail.com,testpass123!,tfnrxyipz3yzue89fiw4ws388h
user-885@testmail.com,testpass123!,t3jfi4g5ni89px9ac836bc916r
user-887@testmail.com,testpass123!,p7ycizwsjbg4dgphrth3i9s16e
user-889@testmail.com,testpass123!,wy5yzk8wqjyad8fcsernuztich
user-886@testmail.com,testpass123!,kaxok863ej8gimh8p6pwu7rn9a
user-890@testmail.com,testpass123!,j8upup3617f8bqs19pdjra5gtw
user-888@testmail.com,testpass123!,yrm98fa9xjymbe4n6rwrnh787w
user-892@testmail.com,testpass123!,wph4q84m7jbk3mzhpu4qm5yfmw
user-894@testmail.com,testpass123!,kodmd1p8wtnejcan4zrq8h4o9h
user-896@testmail.com,testpass123!,ze1woh7faiys8d1oydrqybb9mo
user-891@testmail.com,testpass123!,agi7h66mybb75pb77yh7gkjwxr
user-893@testmail.com,testpass123!,6hh1sdb913djbc76rejfh6buee
user-895@testmail.com,testpass123!,9bgjjbowxpfj8ndgi7cpps7jqc
user-897@testmail.com,testpass123!,7n43c8tfdiynbrmpaym4ohmj1h
user-898@testmail.com,testpass123!,qd834wqun7ywzrucdz3dsan9gr
user-900@testmail.com,testpass123!,q4pixw3gkifquytn41gfect7rw
user-855@testmail.com,testpass123!,zwmq794jijrh3jpfy9pnsfncae
user-899@testmail.com,testpass123!,rr3nfoc66pnmxrj9ksou4padkh
user-901@testmail.com,testpass123!,ub8ah5hbn3bujkzaeqm456cata
user-906@testmail.com,testpass123!,1d15skq8ijg5ijsuszpqzfjyia
user-902@testmail.com,testpass123!,eiaecfhcz7bd3kzskew5o6nhyy
user-904@testmail.com,testpass123!,hcic8uychtfhtbt6ja48bt39fc
user-903@testmail.com,testpass123!,j1afhidh5byu7dkmgkid9t1she
user-905@testmail.com,testpass123!,dyoerckss3fe5k47w7yb6ppudc
user-908@testmail.com,testpass123!,cstnema99bycbjrubswrpjsbwo
user-909@testmail.com,testpass123!,8fp6uwwd4jfnbfqbjn6exjos9c
user-910@testmail.com,testpass123!,xgjmsx87tt8o9rp1qpariruqio
user-907@testmail.com,testpass123!,rxrekfmdojfstgdmxbey6ohkae
user-913@testmail.com,testpass123!,7zbq4q7hg3n5pcykhk54bb1u6r
user-911@testmail.com,testpass123!,wftk3dkonigh5pi4mq8s57r9na
user-912@testmail.com,testpass123!,seie4amd97ndp8hyua5wczu1sy
user-917@testmail.com,testpass123!,methtikdj3f7jedcbgdzbiq58h
user-915@testmail.com,testpass123!,7iyzk9ct8tnm5qsdoga6jo4iio
user-914@testmail.com,testpass123!,tqgyrmrqgffn5p7jniwm7gt6qy
user-916@testmail.com,testpass123!,qexk8ob3xibsmxrumedxcw88ic
user-919@testmail.com,testpass123!,6rpksa5y1frhicq3ogufz4gjsc
user-923@testmail.com,testpass123!,rs1mh53jeifr8egu1equ11gnww
user-918@testmail.com,testpass123!,s3imb51qntypfjp3hk3gme4y4h
user-924@testmail.com,testpass123!,t3yk73cgn7gupctmkghyqzq5uw
user-920@testmail.com,testpass123!,hb9w75zbqbf8irbfn33kionrgw
user-925@testmail.com,testpass123!,xqoefb1eap8ftjw6nazwfw4nfy
user-921@testmail.com,testpass123!,11a1izyi7tgcdxrdmrka3p4hjw
user-922@testmail.com,testpass123!,wh958m6yqfdji8pamx5b7hm1ry
user-931@testmail.com,testpass123!,smab73mqs3de5m8nt34uis6bte
user-928@testmail.com,testpass123!,3id1cdzdbbysmcmkfmxx34xt3a
user-926@testmail.com,testpass123!,rdsj4f9mo38zprr7motxjdi76r
user-929@testmail.com,testpass123!,w9hu4gnbuin1iku4a1u8ggmrfc
user-930@testmail.com,testpass123!,wiuj6gx7etghpr6pmoerawtugo
user-927@testmail.com,testpass123!,iso5gdyxbjd9ibrismmwrrfhha
user-932@testmail.com,testpass123!,jt4ix8dh7bnhp8qs8wbugc94ao
user-933@testmail.com,testpass123!,zsiuk4z9ofyb9869h15mznb94h
user-934@testmail.com,testpass123!,99dbkyorqpyqfpno9rs36cc96y
user-939@testmail.com,testpass123!,13dgxba5f3d4tf4thb5skxz67h
user-935@testmail.com,testpass123!,na9yjdp99brufe5yitipwy5isw
user-938@testmail.com,testpass123!,gws8cdz4eb89jnajd1easx3uie
user-940@testmail.com,testpass123!,8w9py4cxrtn1xgysi566zq5nia
user-943@testmail.com,testpass123!,teae5y84zi8kjrnpgk8sdmeg1c
user-937@testmail.com,testpass123!,twfg8iy57t8htm8mj84a6n668w
user-942@testmail.com,testpass123!,te6bqc5xb789bqh1w3hjsji9ac
user-936@testmail.com,testpass123!,rqofjfnre7doxmjdefnqz5a9pa
user-945@testmail.com,testpass123!,jjqwgfxrbty65rgcs1d117y8we
user-941@testmail.com,testpass123!,6skymawhktb47pf569w4dga47o
user-946@testmail.com,testpass123!,6geewbwwwjyc9qy55ho7i19i8o
user-944@testmail.com,testpass123!,qw13bbi7xjduubxzgszxz468uh
user-947@testmail.com,testpass123!,8pqdx6xed7r9mjfo455s7k9yae
user-948@testmail.com,testpass123!,3yo1rxg3mf87zxrz9fbho7abke
user-950@testmail.com,testpass123!,pmo1i579upggpdk3yz71hrpp5a
user-949@testmail.com,testpass123!,c8uijynz1bf93gcnwbafknxp6c
user-952@testmail.com,testpass123!,m45djckmctrq8pfhnnkcyg9jwo
user-951@testmail.com,testpass123!,91aepns1gpn78ci7d7eqm3wo3y
user-953@testmail.com,testpass123!,o6d4s7h6gbdgzrgw5dgq37nybc
user-954@testmail.com,testpass123!,og8m9k1noinb5qszy47woiz5rw
user-955@testmail.com,testpass123!,5xdyg1em638ize77erru3rhx5c
user-959@testmail.com,testpass123!,ngbpjq3s9bbybq4wseitj3pb7c
user-962@testmail.com,testpass123!,6qer8gqxm7ru7qd96ruutc741e
user-956@testmail.com,testpass123!,uyg8f8uhp7ga7xyzcna3ae33yo
user-958@testmail.com,testpass123!,yr394w17pfb7pd8yt77au6ufwc
user-957@testmail.com,testpass123!,3fphhe86mfg4pfhuro1tjsoitr
user-961@testmail.com,testpass123!,dr5kwjpc13f15y9gs8qw55bgjc
user-960@testmail.com,testpass123!,izmraa4sbjb58yhq4qgazypgda
user-963@testmail.com,testpass123!,q7nn8jh967dx9d4xnjde9tebie
user-964@testmail.com,testpass123!,ec6fnr83effk3e9ge8ieq1atna
user-968@testmail.com,testpass123!,s9mnh3rdc7g3umowh7aegkadmy
user-965@testmail.com,testpass123!,1u86kb8gepgcjq81815bha557h
user-967@testmail.com,testpass123!,yqyzt5q44b8mpfwf4yzfqe5ojw
user-966@testmail.com,testpass123!,8nei7abwhbf138ns3cie8at1tw
user-974@testmail.com,testpass123!,i4yoq8ep97ncddjw1e4x9fpw1o
user-972@testmail.com,testpass123!,yacscyxto7ggfeycmpy5orc9by
user-971@testmail.com,testpass123!,ssxzzaw7jp85uryk8yqqiyf3no
user-970@testmail.com,testpass123!,d7f1mmrkxfdc5xrft1pa4xr8nc
user-969@testmail.com,testpass123!,at9sf9641fd1fq95gz7nt76r7c
user-973@testmail.com,testpass123!,trzpzgphrjfgdk4kf51o8gnx4h
user-978@testmail.com,testpass123!,ixn3cwe8atno7dcdybnos1f7dc
user-979@testmail.com,testpass123!,dqn5xaqaxfbm8br5bd4qdfosxy
user-976@testmail.com,testpass123!,t6iq7g664i8kmxw18ufad4ajwa
user-975@testmail.com,testpass123!,dp6f7z9a87gbf8nhiiz3b468dy
user-977@testmail.com,testpass123!,d3dpsfgeni84bd4udsoa8fn3ee
user-981@testmail.com,testpass123!,gcywfr1pzb8amcwo5zenta3beh
user-983@testmail.com,testpass123!,x7ymtbiaf7rpikhzpmiin9eupa
user-985@testmail.com,testpass123!,sagqeuedzpnh7bm97jk7nu5ifw
user-984@testmail.com,testpass123!,6bwu8prbgtrbpmmc7dj9w3dj5a
user-980@testmail.com,testpass123!,ft4jhecwyfyuiqcj9fm6um8h3w
user-982@testmail.com,testpass123!,a7ozmtppy3fu98r4r7is9yd7bc
user-986@testmail.com,testpass123!,m671ifhmefrqfk6py1xnkd5arh
user-995@testmail.com,testpass123!,xnh7p85xaid87pghxyorffkmme
user-988@testmail.com,testpass123!,xcgh38qhjjbstqx4nx3rkp6onw
user-990@testmail.com,testpass123!,z89rb9ehm7gd3n4qmkidfjebfy
user-987@testmail.com,testpass123!,tayf7jzegpbf9nrrqc83a6ozuw
user-989@testmail.com,testpass123!,sp6grzerajyajrz1qzzus95gpy
user-992@testmail.com,testpass123!,kdb3wirzxfbxipi9pdqw9416ew
user-994@testmail.com,testpass123!,7qsqkgom13y7td7mr4t935tuco
user-993@testmail.com,testpass123!,aseuc7c1cbrybctzz8tyxji63a
user-996@testmail.com,testpass123!,stpxtp45qff1zr8eabikbo45zh
user-997@testmail.com,testpass123!,ydrwsbizuffspyhcgcty654hwa
user-991@testmail.com,testpass123!,75o95hi9jtyr5ee69czu14j89r
